timestamp,scan_number,cov_x,cov_y,cov_theta,std_x,std_y,std_theta,pos_uncertainty,orient_uncertainty,active_landmarks,state_size,landmark_updates,total_landmark_obs
4.594,1,0.10030000000000001,0.1,0.10001500000000002,0.31670175244226234,0.31622776601683794,0.31625148220996535,0.447548880012005,0.31625148220996535,9,21,0,9
4.695,2,0.10080000000000003,0.1,0.10004000000000005,0.31749015732775093,0.31622776601683794,0.31629100524675063,0.4481071300481616,0.31629100524675063,10,23,0,10
4.786,3,0.10130000000000004,0.1,0.10006500000000007,0.318276609256791,0.31622776601683794,0.31633052334544015,0.44866468548349114,0.31633052334544015,10,23,0,10
4.888,4,0.10180000000000006,0.1,0.1000900000000001,0.31906112267087644,0.31622776601683794,0.31637003650788437,0.44922154890432414,0.31637003650788437,10,23,0,10
4.991,5,0.10230000000000007,0.1,0.10011500000000012,0.31984371183438964,0.31622776601683794,0.3164095447359326,0.4497777228809805,0.3164095447359326,10,23,0,10
5.098,6,0.10280000000000009,0.1,0.10014000000000015,0.32062439083762806,0.31622776601683794,0.3164490480314329,0.4503332099679082,0.3164490480314329,10,23,0,10
5.595,7,9.99028182701652e-05,9.990009990009991e-05,9.990023942537909e-05,0.009995139732398201,0.009995003746877732,0.009995010726626515,0.014135166011415116,0.009995010726626515,10,23,0,10
5.665,8,0.00014997569036037726,4.997501488981727e-05,5.4975047409921144e-05,0.012246456236821216,0.0070693008770186935,0.007414515992964149,0.014140392683733877,0.007414515992964149,10,23,0,10
5.723,9,0.0001599961083909853,3.3322227996566034e-05,4.0473483201787864e-05,0.012648956810385008,0.005772540861402891,0.006361877333129574,0.013903896446232305,0.006361877333129574,10,23,0,10
5.778,10,0.00016153788490042372,2.4993752826979462e-05,3.381218738176255e-05,0.01270975550120551,0.004999375243665899,0.005814824793728746,0.013657658574126211,0.005814824793728746,10,23,0,10
5.836,11,0.00016176462132049704,1.9996001280524426e-05,3.026839149957044e-05,0.012718672152410291,0.004471688862222463,0.005501671700453458,0.013481862727420921,0.005501671700453458,10,23,0,10
5.892,12,0.00016179774046600116,1.666388968140521e-05,2.823540741628812e-05,0.01271997407489501,0.004082142780624559,0.0053136999742446995,0.01335895318306814,0.0053136999742446995,10,23,0,10
5.942,13,0.00016180257311317173,1.4283674195619297e-05,2.7018417522258938e-05,0.01272016403640974,0.003779374841904319,0.005197924347492847,0.013269749331045822,0.005197924347492847,10,23,0,10
5.991,14,0.0001618032783711744,1.2498437968397251e-05,2.627125975059812e-05,0.012720191758427795,0.00353531299440336,0.0051255497022854165,0.01320233753316327,0.0051255497022854165,10,23,0,10
6.056,15,0.00016180338022750174,1.1109877954373403e-05,2.5805415105929266e-05,0.012720195762153259,0.0033331483546901125,0.005079903060682287,0.013149648595376043,0.005079903060682287,10,23,0,10
6.111,16,0.00016180339515209548,9.999001706480437e-06,2.551216562037562e-05,0.012720196348802776,0.003162119812164055,0.005050956901456953,0.013107341334480303,0.005050956901456953,10,23,0,10
6.195,17,0.0011618033858730183,9.090095778620411e-06,7.532644843173192e-05,0.03408523706640484,0.0030149785701759826,0.008679081082219011,0.03421832084792646,0.008679081082219011,10,23,0,10
6.289,18,0.0005920748246816565,8.332649761261992e-06,6.796353978850048e-05,0.02433258771034549,0.0028866329453641993,0.008244000229773195,0.024503213553387613,0.008244000229773195,10,23,0,10
6.388,19,0.000585550690177323,7.691721787844979e-06,6.546326951318131e-05,0.02419815468537473,0.0027733953536856187,0.008090937492848484,0.024356568148348978,0.008090937492848484,10,23,0,10
6.483,20,0.0004854131836095873,7.142350527000479e-06,5.9563626239094895e-05,0.022032094399071264,0.002672517638295485,0.00771774748479729,0.022193592186407946,0.00771774748479729,10,23,0,10
6.586,21,0.0006829180471327975,6.666223460511047e-06,6.732907533064144e-05,0.02613270072405065,0.002581903069542125,0.008205429624988655,0.02625993660680293,0.008205429624988655,10,23,0,10
6.682,22,0.0005872272709555257,6.2496100768010975e-06,6.52375230948952e-05,0.02423277266338967,0.002499922014143861,0.008076974872741354,0.0243613809344283,0.008076974872741354,10,23,0,10
6.783,23,0.0005854487674436422,5.882013053273533e-06,6.448105846238663e-05,0.0241960485915292,0.0024252861796648932,0.008030009866892234,0.024317293856367238,0.008030009866892234,10,23,0,10
6.901,24,0.0006854109934335798,5.555272213257752e-06,6.920272587322393e-05,0.026180355105184877,0.002356962497210711,0.00831881757662854,0.02628623719072088,0.00831881757662854,10,23,0,10
6.989,25,0.00048726780139434514,5.262894034636681e-06,6.089929728737022e-05,0.022074143276565573,0.0022940998310092527,0.007803800182434852,0.022193032587480732,0.007803800182434852,10,23,0,10
7.089,26,0.0005829719820922097,4.999763187948601e-06,6.284932458629856e-05,0.024144812736739327,0.0022360150240883,0.007927756592271143,0.024248128696461473,0.007927756592271143,10,23,0,10
7.196,27,0.0005853581071021122,4.761683500477756e-06,6.359354329283257e-05,0.024194175065542372,0.0021821282044091166,0.007974555993460235,0.024292381328362807,0.007974555993460235,10,23,0,10
7.29,28,0.0005854090869322519,4.545250449723224e-06,6.387289315508014e-05,0.024195228598470647,0.0021319592983270633,0.007992051873898226,0.02428897563467787,0.007992051873898226,10,23,0,10
7.392,29,0.0005854101699022595,4.347642371869562e-06,6.397709494555295e-05,0.024195250978286204,0.002085100086775108,0.007998568305987826,0.024284929735828537,0.007998568305987826,10,23,0,10
7.481,30,0.000585410179985846,4.166511501000451e-06,6.40158728978556e-05,0.02419525118666566,0.0020412034442946767,0.008000991994612643,0.024281200371621795,0.008000991994612643,10,23,0,10
7.592,31,0.0005854101823534379,3.999857128506036e-06,6.403029125584867e-05,0.02419525123559245,0.0019999642818075616,0.008001892979529824,0.024277768420551835,0.008001892979529824,10,23,0,10
7.69,32,0.0005854101702448606,3.846034966846464e-06,6.403565052870417e-05,0.024195250985366127,0.0019611310427522337,0.008002227847837386,0.024274600001065044,0.008002227847837386,10,23,0,10
7.797,33,0.0005854101739567272,3.7035919365229403e-06,6.403764231879505e-05,0.02419525106207264,0.0019244718591143234,0.008002352299092751,0.024271665906839816,0.008002352299092751,10,23,0,10
7.885,34,0.0005854101590804605,3.5713411352241845e-06,6.40383825404797e-05,0.024195250754651426,0.0018897992314593063,0.008002398549215086,0.024268941060863875,0.008002398549215086,10,23,0,10
7.994,35,0.0005854101842421957,3.448172004662637e-06,6.40386576292149e-05,0.02419525127462403,0.0018569254170974765,0.008002415737089326,0.02426640385897462,0.008002415737089326,10,23,0,10
8.083,36,0.0005854101949991786,3.3332274926528857e-06,6.403875985986474e-05,0.02419525149691936,0.001825712872456369,0.008002422124573581,0.024264035577204204,0.008002422124573581,10,23,0,10
8.199,37,0.0005854101920380273,3.2257117946758625e-06,6.403879785153939e-05,0.024195251435726543,0.0017960266686983973,0.008002424498334201,0.024261819878828198,0.008002424498334201,10,23,0,10
8.289,38,0.0005854101918996852,3.1249120580363126e-06,6.403881197026124e-05,0.024195251432867673,0.001767742079047821,0.00800242538048692,0.024259742454480458,0.00800242538048692,10,23,0,10
8.385,39,0.0005854101946431413,3.030217889441884e-06,6.403881721715401e-05,0.024195251489561774,0.0017407521045346703,0.008002425708318323,0.024257790759518543,0.008002425708318323,10,23,0,10
8.487,40,0.000585410196057485,2.941095062423064e-06,6.403881916703877e-05,0.024195251518789488,0.0017149621169061035,0.008002425830149179,0.024255953725217817,0.008002425830149179,10,23,0,10
8.587,41,0.0005854101855800025,2.857076976763056e-06,6.403881989166771e-05,0.024195251302270092,0.0016902890216655422,0.00800242587542476,0.02425422154093521,0.00800242587542476,10,23,0,10
8.683,42,0.000585410178981927,2.7777239206745165e-06,6.403882016095907e-05,0.02419525116591946,0.0016666505094573717,0.008002425892250366,0.024252585489027794,0.008002425892250366,10,23,0,10
8.789,43,0.0005854101941225396,2.702637713583828e-06,6.403882026103489e-05,0.024195251478803432,0.001643970107265892,0.008002425898503208,0.02425103774761244,0.008002425898503208,10,23,0,10
8.897,44,0.000585410191862861,2.631521542477548e-06,6.403882029822572e-05,0.02419525143210669,0.0016221965178354772,0.008002425900826931,0.024249571406631882,0.008002425900826931,10,23,0,10
8.996,45,0.000585410191823393,2.564049444379558e-06,6.403882031204682e-05,0.024195251431291077,0.001601264951336773,0.008002425901690488,0.02424818016404061,0.008002425901690488,10,23,0,10
9.086,46,0.0005854101957460475,2.4999458538665297e-06,6.40388203171831e-05,0.024195251512353567,0.001581121707480651,0.008002425902011409,0.024246858386189212,0.008002425902011409,10,23,0,10
9.192,47,0.0005854101940858793,2.4389748840677345e-06,6.403882031909188e-05,0.024195251478045837,0.0015617217690958062,0.008002425902130671,0.024245601023071113,0.008002425902130671,10,23,0,10
9.285,48,0.0005854101947867304,2.3809047361178606e-06,6.403882031980124e-05,0.024195251492529074,0.001543018060852776,0.008002425902174991,0.02424440346807585,0.008002425902174991,10,23,0,10
9.4,49,0.0006854101962945839,2.325534526183869e-06,6.903882032006486e-05,0.026180339881189164,0.0015249703361652216,0.008308960243018668,0.026224716029363746,0.008308960243018668,10,23,0,10
9.493,50,0.00048726778914189907,2.2726929830013975e-06,6.084199131852908e-05,0.022074142999036202,0.0015075453502304324,0.007800127647579177,0.022125561735804596,0.007800127647579177,10,23,0,10
9.581,51,0.0005829719789203389,2.2221954941987737e-06,6.282718108608746e-05,0.02414481267105502,0.001490703020121303,0.007926359888756469,0.02419078697385717,0.007926359888756469,10,23,0,10
9.695,52,0.0010829719659955857,2.2222084189518295e-06,8.782718108608746e-05,0.03290853940842081,0.0014907073552350338,0.00937161571374368,0.03294228550684572,0.00937161571374368,10,23,0,10
9.799,53,0.0015829719530708324,2.2222213437048853e-06,0.00011282718108608746,0.03978658006251395,0.0014907116903361578,0.010622013984461113,0.03981449703832182,0.010622013984461113,10,23,0,10
9.889,54,0.002112231383213462,2.223936831210515e-06,0.00014973399557211228,0.04595901851882242,0.001491286971447989,0.012236584309851842,0.04598320693519181,0.012236584309851842,10,23,0,10
9.993,55,0.0027387169537515703,2.275569407978225e-06,0.0001995735750669972,0.052332752208837346,0.001508499057997129,0.014127051180872716,0.0523544890449668,0.014127051180872716,10,23,0,10
10.097,56,0.0034316040962051484,2.534388229446767e-06,0.00025663836338167783,0.05857989498287914,0.0015919762025378291,0.016019936435007407,0.05860152288494383,0.016019936435007407,10,23,0,10
10.19,57,0.0007905326273595352,2.6013698622918616e-06,0.00013334537921822913,0.028116412064122534,0.001612876269988452,0.011547526974128666,0.028162634770593237,0.011547526974128666,10,23,0,10
10.289,58,0.000781114133256954,2.7949750289854517e-06,0.00012108922783227446,0.027948419154881624,0.001671817881524615,0.011004055063124433,0.0279983768866329,0.011004055063124433,10,23,0,10
10.387,59,0.0007801655608678894,3.0811888263119107e-06,0.00012039951224181336,0.027931443945272316,0.001755331543131357,0.010972671153452716,0.027986545869295863,0.010972671153452716,10,23,0,10
10.475,60,0.0006412999022762036,3.2259520724938104e-06,0.00010785127376045522,0.02532389982360939,0.00179609355894781,0.010385146785696157,0.025387513748862795,0.010385146785696157,10,23,0,10
10.587,61,0.0009147067452747544,4.243899238971289e-06,0.00013241724651967624,0.03024411918497139,0.002060072629537922,0.011507269290308464,0.03031419872788535,0.011507269290308464,10,23,0,10
10.682,62,0.0007794876936102839,4.615130369937536e-06,0.00012443189017945745,0.027919306825390275,0.002148285448895825,0.01115490431063653,0.028001836082303985,0.01115490431063653,10,23,0,10
10.783,63,0.0007772245728937743,5.344045137190333e-06,0.00012295336818820827,0.027878747692351144,0.0023117190869978844,0.011088433982678,0.02797442793036105,0.011088433982678,10,23,0,10
10.882,64,0.0007762926205576508,6.219191752458527e-06,0.0001199076109231562,0.02786202829224123,0.002493830738534299,0.010950233372999692,0.027973412596787494,0.010950233372999692,10,23,0,10
10.978,65,0.0006384415688914022,6.134792977052139e-06,0.00010434577857332467,0.025267401308630894,0.002476851424097162,0.01021497814845067,0.025388508460885494,0.01021497814845067,10,23,0,10
11.073,66,0.0007735609667139323,7.791522696212546e-06,0.00011188092050823563,0.02781296400446979,0.0027913299153293483,0.010577377770895565,0.02795268304492692,0.010577377770895565,10,23,0,10
11.194,67,0.0009123171474692681,1.0074679119970038e-05,0.00012449872094007436,0.030204588185725495,0.003174063502825682,0.011157899486017715,0.030370904276778427,0.011157899486017715,10,23,0,10
11.286,68,0.0007755976703089731,1.0021214069008489e-05,0.00011446139653809046,0.02784955422100995,0.0031656301219517877,0.010698663306137382,0.02802889374160139,0.010698663306137382,10,23,0,10
11.381,69,0.0007731255524030318,1.1088382784415282e-05,0.00011189589123053544,0.027805135360271703,0.003329922339096707,0.01057808542367358,0.028003820010624392,0.01057808542367358,10,23,0,10
11.483,70,0.0007720570963604125,1.2228274181150047e-05,0.0001110657209898014,0.027785915431391,0.0034968949342452436,0.010538772271465087,0.02800509543889402,0.010538772271465087,10,23,0,10
11.593,71,0.0007709991291073117,1.3333565030841298e-05,0.00011072748569814681,0.02776687107160819,0.0036515154430511857,0.010522712848792692,0.028005940336617033,0.010522712848792692,10,23,0,10
11.685,72,0.0007697891958589522,1.4568665251087587e-05,0.00011055290821597082,0.02774507516405303,0.003816892093194093,0.010514414306844239,0.028006389647900705,0.010514414306844239,10,23,0,10
11.782,73,0.0007684757210014362,1.5883194630233026e-05,0.0001104934358821998,0.027721394643874544,0.003985372583615367,0.010511585792933424,0.02800640847434153,0.010511585792933424,10,23,0,10
11.892,74,0.00076708863964097,1.7277322660446634e-05,0.00010774552367759564,0.027696365097986595,0.004156599891792165,0.01038005412691069,0.028006534278653912,0.01038005412691069,10,23,0,10
11.991,75,0.0007664194293330894,1.8491820739732758e-05,0.00010460287031087102,0.027684281268132816,0.0043002117087107185,0.010227554463842811,0.028016267597109044,0.010227554463842811,10,23,0,10
12.074,76,0.0006299449843575168,1.6537799117809344e-05,9.213306844396268e-05,0.025098704834264195,0.004066669290440193,0.009598597212299446,0.02542602571137153,0.009598597212299446,10,23,0,10
12.178,77,0.00076272518685317,2.0815908994747935e-05,9.832912396442735e-05,0.027617479733914353,0.00456244550594831,0.009916104273575754,0.027991804083479826,0.009916104273575754,10,23,0,10
12.285,78,0.0008989719077307541,2.5888570584139195e-05,0.00010919463574724447,0.029982860232652155,0.0050880812281388745,0.010449623713189124,0.03041151884261773,0.010449623713189124,10,23,0,10
12.391,79,0.0007638642790058523,2.3711861634610924e-05,0.0001013816243062714,0.02763809470650704,0.004869482686550073,0.010068844238852412,0.028063786997489546,0.010068844238852412,10,23,0,10
12.479,80,0.0006262856668889174,2.079357382624637e-05,8.945553622531559e-05,0.025025700127846922,0.004559997130069971,0.00945809368875756,0.025437752273248588,0.00945809368875756,10,23,0,10
12.589,81,0.0008928168526373591,3.028410179364913e-05,0.00010565964131257619,0.02988004104142695,0.005503099289822884,0.010279087571986931,0.030382576494283827,0.010279087571986931,10,23,0,10
12.691,82,0.0007601310587295055,2.7597931197400212e-05,9.993247316344891e-05,0.027570474401604074,0.0052533733160132655,0.009996623087995711,0.02806651011306724,0.009996623087995711,10,23,0,10
12.782,83,0.0007574093261977855,2.8823503795324494e-05,9.851989078056629e-05,0.027521070585967138,0.005368752536234511,0.009925718653103476,0.028039843615703528,0.009925718653103476,10,23,0,10
12.883,84,0.0007561833695388563,3.0038042974140257e-05,9.592950511686963e-05,0.027498788510384533,0.005480697307290401,0.009794360883532404,0.028039640021102208,0.009794360883532404,10,23,0,10
12.985,85,0.0007554817139801207,3.119085842421179e-05,9.3149450545052e-05,0.02748602761368257,0.005584877655259047,0.009651396300279665,0.028047683904456933,0.009651396300279665,10,23,0,10
13.079,86,0.0007548014810440534,3.228747032635679e-05,9.113423904490952e-05,0.027473650668304955,0.005682206466361178,0.00954642545903489,0.028055105620375238,0.00954642545903489,10,23,0,10
13.183,87,0.0007540542454365592,3.329001859288953e-05,8.978719087363066e-05,0.027460048168868153,0.00576975030593955,0.009475610316683071,0.028059655451010954,0.009475610316683071,10,23,0,10
13.278,88,0.0006196607525437774,2.8496030606778152e-05,8.063661169780464e-05,0.024892986010998708,0.005338167345332867,0.008979789067556355,0.02545892344838162,0.008979789067556355,10,23,0,10
13.386,89,0.0008837408800225529,4.106886540630383e-05,9.430537460963616e-05,0.0297277796012846,0.006408499466045373,0.00971109543819008,0.030410684724761734,0.00971109543819008,10,23,0,10
13.489,90,0.0007527195243642808,3.6442771972278536e-05,8.970844258622357e-05,0.027435734441860326,0.0060367849035955,0.00947145409038251,0.02809203261311932,0.00947145409038251,10,23,0,10
13.582,91,0.0007501746953888055,3.752173965465365e-05,8.833545350232354e-05,0.027389317176388414,0.006125499135144307,0.009398694244538628,0.02806593014748414,0.009398694244538628,10,23,0,10
13.693,92,0.0007491980477225098,3.849909457743806e-05,8.784519931545681e-05,0.027371482380801188,0.006204763861537203,0.009372576983703938,0.02806594274739311,0.009372576983703938,10,23,0,10
13.786,93,0.0007479986498037953,3.969955915585651e-05,8.767779626394369e-05,0.027349563978312258,0.0063007586174885725,0.009363642254162837,0.02806596175012807,0.009363642254162837,10,23,0,10
13.889,94,0.0007469783357729274,4.0731372345738064e-05,8.575306081370766e-05,0.027330904408250513,0.006382113470139658,0.00926029485565701,0.028066166608902352,0.00926029485565701,10,23,0,10
13.972,95,0.0006140252504540736,3.4572544376259586e-05,7.603265419815154e-05,0.024779532894186558,0.005879842206748373,0.008719670532660711,0.025467583215341285,0.008719670532660711,10,23,0,10
14.085,96,0.0008761691973512917,4.963363752391805e-05,8.663849797029696e-05,0.029600155360255995,0.007045114443635252,0.009307980337876578,0.030427008312931617,0.009307980337876578,10,23,0,10
14.186,97,0.0007466402033260507,4.3556450229791804e-05,8.174852488806712e-05,0.027324717808717636,0.006599731072535592,0.009041489085768292,0.028110436737195002,0.009041489085768292,10,23,0,10
14.287,98,0.0007445942058868387,4.425231560197963e-05,7.980779452422779e-05,0.02728725354239299,0.006652241396851112,0.008933520835831066,0.028086411687661676,0.008933520835831066,10,23,0,10
14.384,99,0.000743893739184984,4.5030862921359904e-05,7.887278210587036e-05,0.02727441546917154,0.006710503924546941,0.008881034968170679,0.028087801660264262,0.008881034968170679,10,23,0,10
14.487,100,0.0007432164046441888,4.577313376666716e-05,7.834637260823519e-05,0.027261995610083075,0.006765584510348471,0.008851348632170986,0.028088957588541016,0.008851348632170986,10,23,0,10
14.622,101,8.39091188540765e-05,6.89886275194806e-06,4.390695561222993e-05,0.009160192075173778,0.0026265686269252627,0.0066262323844119685,0.009529322200766672,0.0066262323844119685,10,23,0,10
14.694,102,0.001400663965247648,8.66876946298116e-05,0.00011203528216844756,0.03742544542483961,0.009310622676803717,0.010584672038776052,0.0385661984110109,0.010584672038776052,10,23,0,10
14.789,103,0.0019202003410510513,0.00011872946407330903,0.00013937302774096538,0.04382009060979965,0.010896305065172737,0.011805635423007327,0.045154510351950006,0.011805635423007327,10,23,0,10
14.886,104,0.0023911754448101433,0.00014775436031462275,0.0001643730277410237,0.048899646673673865,0.012155425139197014,0.012820804488838588,0.05038779420777185,0.012820804488838588,10,23,0,10
14.992,105,0.0028896972412444646,0.00017852438705936983,0.00019021379272570932,0.05375590424543582,0.01336130184747616,0.013791801649012695,0.05539153029393424,0.013791801649012695,10,23,0,10
15.091,106,0.003479839872976141,0.0002150583998453227,0.00021815157684249882,0.058990167595762436,0.014664869581599514,0.014769955207870429,0.060785674898132566,0.014769955207870429,10,23,0,10
15.19,107,0.0007482616663340282,4.8204175470391135e-05,9.94629818646182e-05,0.027354371978424732,0.006942922689357208,0.009973112947551441,0.028221726414314544,0.009973112947551441,10,23,0,10
15.279,108,0.0006107976122682086,3.9466301115551985e-05,7.615724872758552e-05,0.024714319983932566,0.0062822210336434346,0.008726812059829496,0.025500272809986967,0.008726812059829496,10,23,0,10
15.386,109,0.0008723639072931096,5.477140159811514e-05,8.418223434482668e-05,0.029535807205714044,0.007400770338155018,0.009175087702296185,0.030448896677732425,0.009175087702296185,10,23,0,10
15.485,110,0.0007445823272940494,4.6161468805219966e-05,8.074591668840471e-05,0.027287035883255064,0.006794223193656503,0.008985873173398605,0.028120167070970068,0.008985873173398605,10,23,0,10
15.585,111,0.0007437524928611383,4.5322077746770573e-05,8.018706469093383e-05,0.027271825990592163,0.0067321673884990834,0.008954723038203573,0.028090471170984458,0.008954723038203573,10,23,0,10
15.689,112,0.000744357169824071,4.4590459870451844e-05,8.030778486849037e-05,0.027282909848915876,0.006677608843774233,0.008961461090050572,0.028088211578783773,0.008961461090050572,10,23,0,10
15.795,113,0.0007450661684599836,4.38094444931278e-05,8.052791994701648e-05,0.02729590021340171,0.006618870333608885,0.008973735005393044,0.028086929575037414,0.008973735005393044,10,23,0,10
15.886,114,0.0007457542329052865,4.307338279684914e-05,8.071605963092543e-05,0.027308501110556882,0.006563031524901366,0.008984211686671538,0.02808607512099431,0.008984211686671538,10,23,0,10
15.985,115,0.0007463752817104998,4.243378701319101e-05,8.080101002220922e-05,0.02731986972352723,0.006514122121452054,0.00898893820327013,0.02808574493802311,0.00898893820327013,10,23,0,10
16.09,116,0.0007471881065689011,4.1595053861579995e-05,8.092396798788681e-05,0.02733474175054341,0.006449422754136993,0.008995775007629239,0.028085283698593488,0.008995775007629239,10,23,0,10
16.184,117,0.0007479734808416413,4.0775109118964375e-05,8.105845428730323e-05,0.027349103839827024,0.0063855390625196535,0.009003246874728208,0.02808466823661276,0.009003246874728208,10,23,0,10
16.289,118,0.000748693657916025,4.002671551772807e-05,8.027630126489896e-05,0.027362267046354638,0.006326667014924056,0.008959704306778152,0.0280841658846004,0.008959704306778152,10,23,0,10
16.388,119,0.0007495844577931185,3.929430453039618e-05,7.921480500768618e-05,0.02737854009608837,0.0062685169322891825,0.008900269940158342,0.02808698563967865,0.008900269940158342,10,23,0,10
16.488,120,0.0007504057382285059,3.8623201441266404e-05,7.838938222241631e-05,0.027393534606335597,0.006214756748358411,0.00885377785029737,0.0280896589454157,0.00885377785029737,10,23,0,10
16.584,121,0.0007510519698135807,3.807982673508382e-05,7.778549105127706e-05,0.027405327398401586,0.006170885409330157,0.008819608327543636,0.02809148975310253,0.008819608327543636,10,23,0,10
16.678,122,0.0006182446607753897,3.1277693753849316e-05,7.067671447680157e-05,0.02486452615223925,0.005592646399858417,0.008406944419752135,0.02548572844807931,0.008406944419752135,10,23,0,10
16.771,123,0.0007501928505905741,3.689943970309009e-05,7.498180102603476e-05,0.02738964860290424,0.0060744909007331704,0.008659203255844891,0.028055165126829394,0.008659203255844891,10,23,0,10
16.882,124,0.0007527820064368685,3.640811296863725e-05,7.636843623725727e-05,0.02743687311697287,0.0060339135698680045,0.00873890360613145,0.02809252782156682,0.00873890360613145,10,23,0,10
16.979,125,0.000753434274768164,3.5783681444711056e-05,7.679992415228522e-05,0.027448757253620136,0.005981946292362633,0.008763556592633222,0.02809302326580169,0.008763556592633222,10,23,0,10
17.096,126,0.0008878649548218181,4.103385243286341e-05,8.358691630799353e-05,0.029797062855620823,0.006405767122902878,0.009142588053062083,0.030477841249909442,0.009142588053062083,10,23,0,10
17.166,127,0.0006221237315090537,2.8972170953726283e-05,7.223437424062872e-05,0.02494240829408928,0.005382580324874519,0.008499080787981058,0.025516580932068073,0.008499080787981058,10,23,0,10
17.282,128,0.0008870461105310647,3.978990874757272e-05,8.121712029606253e-05,0.029783319333665022,0.006307924282010107,0.009012054166285427,0.03044398165941238,0.009012054166285427,10,23,0,10
17.379,129,0.0006230290173988949,2.816309033135578e-05,7.033928232566803e-05,0.02496054922069815,0.0053068908346936795,0.008386851752932564,0.025518466014442378,0.008386851752932564,10,23,0,10
17.49,130,0.0008883291795809114,3.883645746415837e-05,7.909197569963219e-05,0.029804851611456,0.00623189036040898,0.008893366949565962,0.030449394690946974,0.008893366949565962,10,23,0,10
17.576,131,0.0006238262230600254,2.7551020980818924e-05,6.910564922736751e-05,0.024976513428819992,0.0052489066462282335,0.00831298076669058,0.025522093253509678,0.00831298076669058,10,23,0,10
17.675,132,0.0007551216529038038,3.244905846907502e-05,7.190928791131597e-05,0.027479476940142144,0.005696407505531449,0.008479934428479738,0.028063690266479188,0.008479934428479738,10,23,0,10
17.782,133,0.0008920568827598852,3.7381244865760576e-05,7.892763270415176e-05,0.029867321318790628,0.00611402035208917,0.00888412250614273,0.03048668771161678,0.00888412250614273,10,23,0,10
17.888,134,0.0007594835257120021,3.177558590446171e-05,7.491035688903102e-05,0.027558728666467944,0.005636983759464072,0.008655076942987337,0.028129328317904496,0.008655076942987337,10,23,0,10
17.982,135,0.0007583989397689464,3.134658189312645e-05,7.360518438252952e-05,0.02753904391530226,0.005598801826563113,0.00857934638434243,0.028102411314014905,0.00857934638434243,10,23,0,10
18.083,136,0.0007587388269642861,3.099699701666134e-05,7.311501060553391e-05,0.027545214229776578,0.005567494680434041,0.008550731583059657,0.0281022387716877,0.008550731583059657,10,23,0,10
18.191,137,0.0007590958728674902,3.0651788544573186e-05,7.289794411026564e-05,0.02755169455528081,0.005536405742408443,0.008538029287269143,0.028102449384565457,0.008538029287269143,10,23,0,10
18.27,138,0.0006245685257864575,2.5393523289924622e-05,6.62202362146764e-05,0.024991369025854856,0.005039198675377329,0.008137581717849375,0.025494353278253248,0.008137581717849375,10,23,0,10
18.4,139,0.0008925070965409843,3.5042724580406154e-05,7.527436414166564e-05,0.029874857263943275,0.005919689567908621,0.008676079998574567,0.03045570260429712,0.008676079998574567,10,23,0,10
18.485,140,0.0007616363368399464,2.986628793811049e-05,7.20534389631359e-05,0.027597759634433127,0.005465005758287038,0.008488429711267915,0.028133656441672435,0.008488429711267915,10,23,0,10
18.583,141,0.0007605248867802964,2.9553952197939847e-05,7.073778254652252e-05,0.02757761568338163,0.005436354679188973,0.00841057563704902,0.028108341092605165,0.00841057563704902,10,23,0,10
18.682,142,0.0007607505312247329,2.9354628374576948e-05,7.012755244344878e-05,0.027581706459621616,0.005417991175202941,0.008374219512494807,0.028108809288180634,0.008374219512494807,10,23,0,10
18.784,143,0.0007609753550984972,2.9160086659508605e-05,6.98191370342081e-05,0.02758578175616013,0.005400008024022613,0.008355784645035324,0.02810934794259742,0.008355784645035324,10,23,0,10
18.882,144,0.0007612243034655823,2.8928126267422924e-05,6.966299427968854e-05,0.02759029364587449,0.005378487358674642,0.008346436022619986,0.02810965011758427,0.008346436022619986,10,23,0,10
18.984,145,0.0007614337177591744,2.871978135103266e-05,6.959969908848444e-05,0.027594088456754182,0.005359084002983407,0.008342643411322603,0.028109669139109537,0.008342643411322603,10,23,0,10
19.076,146,0.0006265320480107514,2.3747218345497913e-05,6.384167134345152e-05,0.025030622205825234,0.004873111772317347,0.0079900983312755,0.02550057384366574,0.0079900983312755,10,23,0,10
19.185,147,0.0008952173357205181,3.269999146060475e-05,7.312995134240332e-05,0.029920182748782102,0.005718390635537656,0.008551605190980423,0.03046173545911531,0.008551605190980423,10,23,0,10
19.297,148,0.000763670382192255,2.8013355273600247e-05,7.017720815876181e-05,0.027634586702034374,0.005292764426422193,0.00837718378446849,0.028136875047983834,0.00837718378446849,10,23,0,10
19.391,149,0.0007624496888471307,2.7841662673991747e-05,6.870912185975331e-05,0.027612491536388575,0.00527651993969432,0.008289096564750185,0.028112121078302195,0.008289096564750185,10,23,0,10
19.477,150,0.0006273502962634534,2.3090036568471288e-05,6.248546667235906e-05,0.025046961817023903,0.0048052093157812895,0.007904774928633899,0.025503731743255233,0.007904774928633899,10,23,0,10
19.656,151,8.388921361254967e-05,4.77451514649542e-06,3.843547416703824e-05,0.009159105502861602,0.0021850663940703083,0.006199635002727035,0.009416141925387759,0.006199635002727035,10,23,0,10
19.69,152,0.0015735523326103288,5.4405921339664906e-05,9.77805279803715e-05,0.0396680265782195,0.0073760369670755385,0.009888403712448814,0.040347964681629156,0.009888403712448814,10,23,0,10
19.797,153,0.0021136322975809944,7.22657423490481e-05,0.00012333135840673765,0.04597425690080259,0.008500925970095734,0.011105465249449824,0.04675358852462603,0.011105465249449824,10,23,0,10
19.896,154,0.002597676677281463,8.822136264897966e-05,0.00014833135840683804,0.050967407990611634,0.009392622777956095,0.012179136192966972,0.051825650405281386,0.012179136192966972,10,23,0,10
19.985,155,0.003109395457582388,0.00010503245710333093,0.0001789955321149144,0.055761953495034475,0.010248534388064029,0.01337892118651255,0.05669592502716327,0.01337892118651255,10,23,0,10
20.086,156,0.0037154010297174704,0.00012469500423044092,0.00021406773638058836,0.0609540895241449,0.011166691731683154,0.014631053836979357,0.061968508405059346,0.014631053836979357,10,23,0,10
20.172,157,0.0006331039724364104,2.249494506917226e-05,9.78926686280292e-05,0.025161557432647336,0.004742883623827625,0.009894072398564163,0.025604665932317545,0.009894072398564163,10,23,0,10
20.287,158,0.0008961458854794316,3.0045812423658483e-05,9.571640078043311e-05,0.029935695840909254,0.005481406062650211,0.009783475904832245,0.030433397738390797,0.009783475904832245,10,23,0,10
20.382,159,0.000764722456095004,2.5103983306716853e-05,8.843505650109356e-05,0.027653615606191607,0.005010387540571772,0.009403991519620462,0.028103850971027456,0.009403991519620462,10,23,0,10
20.476,160,0.0006282374755041967,2.0475713923854096e-05,7.891287516064954e-05,0.02506466587657208,0.0045250098258295636,0.008883291910133852,0.025469848633787574,0.008883291910133852,10,23,0,10
20.6,161,0.0010335603849797631,3.1185686770147974e-05,0.00010049729236520237,0.03214903396650921,0.005584414630930262,0.010024833782422648,0.03263044700505819,0.010024833782422648,10,23,0,10
20.68,162,0.0004962014393331279,1.5636476590761773e-05,7.440493374722376e-05,0.02227557943877393,0.00395429849540494,0.0086258294527091,0.022623835128551692,0.0086258294527091,10,23,0,10
20.784,163,0.0008966225148742952,2.5558982681321168e-05,9.13769210506973e-05,0.02994365566984591,0.005055589251642302,0.009559127630212775,0.03036744140614445,0.009559127630212775,10,23,0,10
20.884,164,0.0007680236570581037,2.135607804558811e-05,8.838576281123428e-05,0.027713239743092175,0.004621263684923001,0.009401370262426339,0.028095902461100834,0.009401370262426339,10,23,0,10
20.986,165,0.0007673226888352709,2.0558982604633617e-05,8.655834739941217e-05,0.027700590044893825,0.004534201429649285,0.009303673865705535,0.028069229975898956,0.009303673865705535,10,23,0,10
21.077,166,0.0006317640585701283,1.683587729784211e-05,7.737495632201438e-05,0.025134917118823534,0.0041031545544668565,0.008796303560133336,0.025467625249873033,0.008796303560133336,10,23,0,10
21.195,167,0.0009032143382032143,2.2344417466027413e-05,8.939522209827958e-05,0.03005352455541969,0.004726988202442165,0.00945490465833895,0.03042299715132028,0.00945490465833895,10,23,0,10
21.285,168,0.0007710962550584922,1.8768736928927383e-05,8.490988330060957e-05,0.027768619970363888,0.0043322900328726125,0.009214655897026735,0.028104536857728495,0.009214655897026735,10,23,0,10
21.376,169,0.0006335677414229947,1.5354085312378156e-05,7.591403833996497e-05,0.02517077156987832,0.003918428934200307,0.008712866252844982,0.025473944074983223,0.008712866252844982,10,23,0,10
21.478,170,0.0007686845165058212,1.7635992164589327e-05,8.052422432584241e-05,0.027725160351309446,0.004199522849632958,0.008973529089819814,0.028041407037993127,0.008973529089819814,10,23,0,10
21.588,171,0.0009082572417530066,1.97007893871039e-05,8.93276029257949e-05,0.03013730647806812,0.004438557128967013,0.009451328103806094,0.030462403568006752,0.009451328103806094,10,23,0,10
21.678,172,0.0006364208435756558,1.4075710947662988e-05,7.693945980252714e-05,0.025227382812643404,0.00375176104618391,0.008771514111174144,0.02550483394424121,0.008771514111174144,10,23,0,10
21.782,173,0.0009073799305783793,1.8548091087973172e-05,8.81244646768866e-05,0.030122747726234723,0.0043067494805216116,0.009387463165141401,0.03042906540901893,0.009387463165141401,10,23,0,10
21.887,174,0.0007744278884402744,1.5579940995715177e-05,8.403809697562024e-05,0.027828544490150296,0.003947143396903028,0.009167229514723641,0.028107077924181118,0.009167229514723641,10,23,0,10
21.982,175,0.0007734547129714487,1.5050330715679961e-05,8.187006653701928e-05,0.02781105379109984,0.0038794755722494196,0.009048207918533883,0.028080331972523555,0.009048207918533883,10,23,0,10
22.078,175,0.0006367003682144707,1.2393765382673159e-05,7.324811754755166e-05,0.02523292230825575,0.003520478004855755,0.008558511409559004,0.025477325872177867,0.008558511409559004,10,23,0,10
22.193,175,0.0009100096316936707,1.6315653211344758e-05,8.390155297832052e-05,0.030166365901342355,0.0040392639442533036,0.009159779090039264,0.030435592402728348,0.009159779090039264,10,23,0,10
22.273,175,0.0006391242845958283,1.1741544034323186e-05,7.297445917444364e-05,0.025280907511318264,0.0034265936488476695,0.008542508950796812,0.025512072213564923,0.008542508950796812,10,23,0,10
22.4,175,0.0010489324846919546,1.734608746369457e-05,8.964569139284037e-05,0.03238722718436937,0.004164863438780985,0.009468140862536866,0.03265392123705282,0.009468140862536866,10,23,0,10
22.495,175,0.0006410282223367726,1.1153884613951484e-05,7.41332802620339e-05,0.02531853515385068,0.003339743195808846,0.008610068539914993,0.025537856349950833,0.008610068539914993,10,23,0,10
22.572,175,0.0006365965497989411,1.0844093283926295e-05,6.936940651880325e-05,0.02523086502280374,0.0032930370911859307,0.00832882984090822,0.025444854943246727,0.00832882984090822,10,23,0,10
22.691,175,0.000912488631300396,1.4226113237926173e-05,8.107215863779207e-05,0.030207426757345553,0.0037717520117216312,0.009004007920797941,0.03044198982554068,0.009004007920797941,10,23,0,10
22.778,175,0.0006406481595990907,1.0394712118375643e-05,7.145254223286762e-05,0.025311028418440264,0.0032240831438372745,0.00845296056023377,0.025515541768057096,0.00845296056023377,10,23,0,10
22.884,176,0.0009132345742806277,1.3564563446933578e-05,8.168681783449506e-05,0.030219771247986436,0.0036830101068193633,0.009038076002916498,0.030443375925274144,0.009038076002916498,10,23,0,10
22.989,176,0.000779170670035976,1.1561886061195981e-05,7.7480804596969e-05,0.02791362875077291,0.003400277350628325,0.008802318137682199,0.028119967213657487,0.008802318137682199,10,23,0,10
23.087,176,0.0007781472961763552,1.1256471692544128e-05,7.537432221374704e-05,0.027895291648885035,0.0033550665705085686,0.008681838642462036,0.028096330149485704,0.008681838642462036,10,23,0,10
23.178,176,0.0006402939943489361,9.486527249267463e-06,6.796765444744405e-05,0.025304031187716635,0.003080020657279341,0.008244249780752888,0.02549079287896325,0.008244249780752888,10,23,0,10
23.283,176,0.0009148422877254178,1.2430439273985021e-05,7.758444933416118e-05,0.030246359908680215,0.003525682809610788,0.008808203524792169,0.030451153130865223,0.008808203524792169,10,23,0,10
23.387,176,0.0007805448662055121,1.0667850097741524e-05,7.437305961590646e-05,0.027938233054463416,0.0032661674938284356,0.008623981656746868,0.028128503627161783,0.008623981656746868,10,23,0,10
23.479,177,0.0006410240774221119,8.941389602484458e-06,6.706812787965381e-05,0.02531845329837729,0.0029902156448130056,0.008189513287104051,0.025494420311601446,0.008189513287104051,10,23,0,10
23.596,177,0.0009157686845658072,1.167197253867258e-05,7.662847292555772e-05,0.030261670221020637,0.0034164268671629107,0.008753769069695506,0.030453910374605094,0.008753769069695506,10,23,0,10
23.689,177,0.0007812009588488844,1.0107753969041623e-05,7.36711439334984e-05,0.027949972430199005,0.0031792694080624282,0.008583189613045864,0.028130209967540697,0.008583189613045864,10,23,0,10
23.794,177,0.0007798837697170847,9.946938000571852e-06,7.266450669414794e-05,0.02792639915415313,0.0031538766622320304,0.008524347875007679,0.02810392690920001,0.008524347875007679,10,23,0,10
23.882,177,0.000780041113732981,9.770945478634633e-06,7.232261915306965e-05,0.027929216131731677,0.0031258511606656247,0.008504270642040365,0.028103595129655844,0.008504270642040365,10,23,0,10
23.991,177,0.0007802387205871606,9.574439485780511e-06,7.15916004568507e-05,0.02793275354466796,0.0030942591174270635,0.008461181977528359,0.028103614715423015,0.008461181977528359,10,23,0,10
24.077,177,0.0006419734562941653,8.122318781335863e-06,6.493829808584302e-05,0.025337195114972087,0.002849968207074574,0.008058430249486746,0.025496975802543745,0.008058430249486746,10,23,0,10
24.183,177,0.0009172072723109115,1.0571740243403584e-05,7.375264899244036e-05,0.030285430033448617,0.003251421265139844,0.008587936247576618,0.030459465073344856,0.008587936247576618,10,23,0,10
24.284,177,0.0007824349995800005,9.217088830169476e-06,7.077759395753724e-05,0.027972039603504077,0.0030359658809297374,0.008412942051240888,0.028136312629947976,0.008412942051240888,10,23,0,10
24.388,177,0.0007811497485773524,9.0593390365607e-06,6.961321091745242e-05,0.027949056309245084,0.003009873591458734,0.008343453177039613,0.02811065790076627,0.008343453177039613,10,23,0,10
24.481,177,0.000781239000400242,8.98313768325811e-06,6.908864399623633e-05,0.0279506529512325,0.002997188296263368,0.008311957891870983,0.02811089002652709,0.008311957891870983,10,23,0,10
24.641,177,8.798298936043428e-05,2.794313835516282e-06,4.0835812775632385e-05,0.009379924805691903,0.001671620122969415,0.00639029050792156,0.009527712379997128,0.00639029050792156,10,23,0,10
24.69,177,0.0014747478669250016,1.5030756888196754e-05,9.68067279120933e-05,0.038402446106009985,0.0038769520100456175,0.009839041005712564,0.0385976504960237,0.009839041005712564,10,23,0,10
24.794,177,0.002023900823187582,1.976507780271991e-05,0.00012263522202286137,0.04498778526653187,0.004445793270353437,0.011074078834054838,0.045206923153321345,0.011074078834054838,10,23,0,10
24.889,177,0.0025196733187237245,2.39925822669656e-05,0.00014763522202296196,0.050196347663188846,0.004898222357852449,0.012150523528760478,0.050434768771063974,0.012150523528760478,10,23,0,10
24.997,177,0.0030445010796700833,2.8454389026350487e-05,0.00017813819394630836,0.05517699774063539,0.005334265556414536,0.013346842096402743,0.05543424454880245,0.013346842096402743,10,23,0,10
25.092,177,0.0036659318946685366,3.3688455621534655e-05,0.00021229330543375902,0.06054693959787345,0.005804175705604944,0.014570288447170805,0.06082450452153368,0.014570288447170805,10,23,0,10
25.194,177,0.0007867950341105269,8.688703830178662e-06,0.00010377531715061525,0.028049866917875508,0.0029476607386499996,0.010187017087971102,0.02820432126360614,0.010187017087971102,10,23,0,10
25.283,177,0.0007806651695571454,8.317973151426794e-06,8.77799605010838e-05,0.027940385995135167,0.0028840896573142094,0.009369096034361256,0.028088843741040183,0.009369096034361256,10,23,0,10
25.398,177,0.0007807922723014407,7.884439679240488e-06,8.428164787199981e-05,0.027942660437070783,0.0028079244432926767,0.009180503682914124,0.028083388541639366,0.009180503682914124,10,23,0,10
25.472,177,0.0006424036653639126,6.602841850784918e-06,7.60619058776543e-05,0.02534568336746738,0.002569599550666391,0.008721347709938774,0.02547560612065388,0.008721347709938774,10,23,0,10
25.584,177,0.0009176839683688766,8.131552536009141e-06,8.892039768409642e-05,0.030293299067101896,0.0028515877219558125,0.009429761273971703,0.030427216778813104,0.009429761273971703,10,23,0,10
25.684,177,0.0007830051404009082,6.8957755826487e-06,8.523902770170981e-05,0.02798222901058649,0.0026259808800996056,0.009232498453924041,0.028105175964287375,0.009232498453924041,10,23,0,10
25.782,177,0.0007818175048024462,6.5641754622560054e-06,8.421293773289325e-05,0.027960999710354532,0.0025620646873675936,0.00917676074292521,0.02807813527043244,0.00917676074292521,10,23,0,10
25.886,177,0.0007820694156428711,6.281473719915504e-06,8.391742146295173e-05,0.027965504029837742,0.002506286839113892,0.009160645253635342,0.028077586957621314,0.009160645253635342,10,23,0,10
25.985,177,0.0007824299802200673,5.909224421018021e-06,8.376692099348846e-05,0.027971949882338688,0.0024308896357132345,0.00915242705480292,0.02807737887768524,0.00915242705480292,10,23,0,10
26.09,177,0.0007827234378785013,5.620297362000046e-06,8.269560276195154e-05,0.027977194960869492,0.002370716634690879,0.00909371226518365,0.028077459558166963,0.00909371226518365,10,23,0,10
26.177,177,0.0006441434699445771,4.848224162270238e-06,7.423938862326988e-05,0.025379981677388523,0.002201868334453774,0.00861622821327696,0.02547531538777974,0.00861622821327696,10,23,0,10
26.287,177,0.00092042272687762,5.7191863400126625e-06,8.53757576866599e-05,0.030338469422131698,0.0023914820384047762,0.009239900307181886,0.030432579798919984,0.009239900307181886,10,23,0,10
26.387,177,0.0007854033424392015,4.956200287867678e-06,8.12231074691927e-05,0.028025048482370224,0.002226252521136737,0.009012386335992965,0.02811333389562805,0.009012386335992965,10,23,0,10
26.485,177,0.0007841564243653793,4.7765142122565945e-06,7.972979188492372e-05,0.028002793152922787,0.0021855237844179585,0.008929154040832967,0.02808795006008156,0.008929154040832967,10,23,0,10
26.58,177,0.0007843666650267805,4.595074246496367e-06,7.909934492053809e-05,0.028006546824390553,0.0021436124291709935,0.008893781249869939,0.02808846274314913,0.008893781249869939,10,23,0,10
26.688,177,0.000784581217629522,4.407688891402038e-06,7.878833556847273e-05,0.02801037696335988,0.0020994496639362512,0.008876279376432037,0.028088946340525556,0.008876279376432037,10,23,0,10
26.787,177,0.0007847260060996014,4.281149566058176e-06,7.859735462415635e-05,0.028012961394675885,0.002069093899768248,0.008865514910266428,0.028089271184309136,0.008865514910266428,10,23,0,10
26.872,177,0.0006455874977741838,3.7934337887211365e-06,7.161033358880705e-05,0.025408413916932788,0.001947673943123216,0.008462288909556743,0.025482953744864527,0.008462288909556743,10,23,0,10
26.983,177,0.0009222207709554281,4.312819425294766e-06,8.314630229503764e-05,0.030368088035887742,0.002076732872878639,0.00911845942553004,0.030439014280701056,0.00911845942553004,10,23,0,10
27.096,177,0.0007867002806541236,3.828646102491608e-06,7.911692543046947e-05,0.028048177849088942,0.001956692643848698,0.00889476955465792,0.02811634625545459,0.00889476955465792,10,23,0,10
27.185,177,0.0007855012910799318,3.6787610241054208e-06,7.710907855535947e-05,0.02802679594744879,0.0019180096517237397,0.008781177515308495,0.02809234863987056,0.008781177515308495,10,23,0,10
27.287,177,0.000785763437162949,3.5635446292157256e-06,7.587927921362809e-05,0.028031472261780134,0.0018877353175738715,0.008710871323445668,0.028094963637494974,0.008710871323445668,10,23,0,10
27.393,177,0.0007859847371611047,3.448193800665418e-06,7.509495411168421e-05,0.028035419332713835,0.0018569312859299393,0.008665734481951556,0.028096849128714952,0.008665734481951556,10,23,0,10
27.472,177,0.0006466592666179677,3.107216610338771e-06,6.822896241151608e-05,0.025429495996145256,0.0017627298744670923,0.008260082470019053,0.02549051751589807,0.008260082470019053,10,23,0,10
27.589,177,0.0009237516945329597,3.4350515164784477e-06,7.831560409411173e-05,0.03039328370763777,0.001853389197248772,0.008849610392221327,0.030449741313341862,0.008849610392221327,10,23,0,10
27.687,177,0.0007879436978608066,3.1796860278329214e-06,7.515853538197435e-05,0.028070334836991288,0.0017831674144154052,0.008669402250557668,0.02812691564833655,0.008669402250557668,10,23,0,10
27.785,177,0.0007865748448045973,3.0879770950051876e-06,7.402054042971663e-05,0.028045941681544537,0.001757264093699404,0.008603519072432897,0.028100939875733737,0.008603519072432897,10,23,0,10
27.891,177,0.0007866562507374689,3.008869558727165e-06,7.353793692400951e-05,0.028047392940119566,0.001734609338936916,0.008575426340655577,0.028100980771072672,0.008575426340655577,10,23,0,10
27.974,177,0.0006471015408349998,2.8019290721423284e-06,6.710500785734088e-05,0.025438190596718938,0.001673896374373972,0.008191764636349172,0.025493204386799674,0.008191764636349172,10,23,0,10
28.091,177,0.0009242792943241205,3.0759688637123595e-06,7.722650193156898e-05,0.0304019620143852,0.0017538440249099574,0.008787861055545255,0.03045250832341784,0.008787861055545255,10,23,0,10
28.184,177,0.0007883375803220198,2.87599414706809e-06,7.445379905007375e-05,0.028077349951909986,0.0016958756284197523,0.008628661486584912,0.028128518881538854,0.008628661486584912,10,23,0,10
28.291,177,0.0007869110036776595,2.8065247927144675e-06,7.301242807245425e-05,0.02805193404522511,0.001675268573308312,0.00854473101229373,0.02810191325284408,0.00854473101229373,10,23,0,10
28.388,177,0.0007870618688602074,2.74563470988123e-06,7.198279744406189e-05,0.02805462294988488,0.0016569956879488943,0.008484267643353896,0.028103514078671524,0.008484267643353896,10,23,0,10
28.49,177,0.0007871865454864335,2.726277389402622e-06,7.127439206617902e-05,0.028056844895433867,0.001651144266683751,0.008442416245730782,0.028105387790881595,0.008442416245730782,10,23,0,10
28.586,177,0.0007873018547781206,2.6795801032555897e-06,7.083140305248796e-05,0.028058899742828845,0.0016369423029708743,0.008416139438750286,0.028106608384530784,0.008416139438750286,10,23,0,10
28.677,177,0.0006476486695580969,2.5217919626120025e-06,6.47258410153025e-05,0.025448942405492943,0.0015880151015062805,0.008045237163396893,0.025498440374279934,0.008045237163396893,10,23,0,10
28.791,177,0.0009250997118610545,2.678202308416214e-06,7.407192171161162e-05,0.030415451860214972,0.001636521404814558,0.008606504616370783,0.030459447043068112,0.008606504616370783,10,23,0,10
28.885,177,0.0007890144249417798,2.5677174724133155e-06,7.144297476359105e-05,0.028089400579965743,0.0016024098952556788,0.008452394617124253,0.02813506961807973,0.008452394617124253,10,23,0,10
28.972,177,0.0006477886290881017,2.44816344706604e-06,6.474789980447573e-05,0.025451692067288995,0.00156466080895063,0.00804660796885717,0.025499741028786306,0.00804660796885717,10,23,0,10
29.074,177,0.0007854633556717162,2.4993555802411723e-06,6.813916611903314e-05,0.028026119168941606,0.0015809350335295794,0.008254645123749,0.028070673509054914,0.008254645123749,10,23,0,10
29.184,177,0.0009273649900190021,2.546788650223113e-06,7.513188829850128e-05,0.030452668027924942,0.00159586611287511,0.008667865267671233,0.030494454883949397,0.008667865267671233,10,23,0,10
29.279,177,0.0006493770994746492,2.378250476305588e-06,6.59620684107583e-05,0.025482878555505642,0.0015421577339252907,0.008121703541176464,0.02552949960243943,0.008121703541176464,10,23,0,10
29.385,177,0.0009253657812564131,2.490968436878279e-06,7.386942674721541e-05,0.030419825463937383,0.0015782802149422893,0.008594732500038347,0.03046074112186523,0.008594732500038347,10,23,0,10
29.492,177,0.0007892810436255212,2.4130504434182388e-06,7.035918937629945e-05,0.02809414607396924,0.0015533996406006533,0.00838803847012515,0.028137059087064153,0.00838803847012515,10,23,0,10
29.651,177,4.70054279842975e-05,1.9927085073863652e-06,2.9204551730123807e-05,0.006856050465413561,0.0014116332765227537,0.005404123585755955,0.006999866890997561,0.005404123585755955,10,23,0,10
29.682,177,0.0014453528250739551,2.708642705290005e-06,8.421803287877515e-05,0.03801779616277034,0.0016457954627747656,0.009177038350076518,0.03805340284099761,0.009177038350076518,10,23,0,10
29.791,177,0.002001003904164811,2.9558058386101737e-06,0.0001099011336204535,0.04473258213164998,0.0017192457179269558,0.010483374152459384,0.04476560856286242,0.010483374152459384,10,23,0,10
29.894,177,0.0025008181244211493,3.141585582667079e-06,0.00013490113362054636,0.05000818057499342,0.001772451856233923,0.01161469472782416,0.05003958143313967,0.01161469472782416,10,23,0,10
30.0,177,0.0031490781649974133,3.4324448775159587e-06,0.00016910892945471218,0.05611664784177164,0.0018526858550536728,0.013004188919525591,0.056147222637232284,0.013004188919525591,10,23,0,10
30.088,177,0.0036596576531660345,3.777131070282464e-06,0.00019567833535752633,0.06049510437354443,0.001943484260363964,0.013988507259801752,0.060526314807993364,0.013988507259801752,10,23,0,10
30.183,177,0.0007933848232291333,2.632990609065275e-06,0.00010126590155617156,0.028167087588693532,0.0016226492563290672,0.010063096022406402,0.028213787654942726,0.010063096022406402,10,23,0,10
30.282,177,0.0007863560376806736,2.6618783142756306e-06,8.718832251559986e-05,0.02804204054060035,0.0016315263755991292,0.009337468742416215,0.028089462721720918,0.009337468742416215,10,23,0,10
30.329,177,0.00036757989110068395,2.401225362420332e-06,6.160963096310086e-05,0.019172373121256636,0.0015495887720360947,0.007849180273321594,0.019234893201239882,0.007849180273321594,10,23,0,10
